<?xml version="1.0" encoding="UTF-8"?>
<T3locallangExt>
  <data type="array">
    <languageKey index="es" type="array">
			<label index="tt_content.tx_cssstyledcontent_acctables">Accesibilidad</label>
			<label index="tt_content.tx_cssstyledcontent_acctables_caption">Leyenda de la tabla (&lt;caption&gt;)</label>
			<label index="tt_content.tx_cssstyledcontent_acctables_headerpos">Posición de la cabecera de la tabla</label>
			<label index="tt_content.tx_cssstyledcontent_acctables_headerpos.I.0">sin cabecera</label>
			<label index="tt_content.tx_cssstyledcontent_acctables_headerpos.I.1">arriba</label>
			<label index="tt_content.tx_cssstyledcontent_acctables_headerpos.I.2">izquierda</label>
			<label index="tt_content.tx_cssstyledcontent_acctables_nostyles">Sin estilos CSS para esta tabla</label>
			<label index="tt_content.tx_cssstyledcontent_acctables_summary">Sumario de la tabla (atributo "summary" en etiqueta &lt;table&gt;)</label>
			<label index="tt_content.tx_cssstyledcontent_acctables_tableclass">Clase CSS para la tabla.</label>
			<label index="tt_content.tx_cssstyledcontent_acctables_tfoot">Utilizar pie de tabla (&lt;tfoot&gt; alrededor de la última fila de la tabla)</label>
			<label index="tt_content.tx_cssstyledcontent_section_frame.I.0">Marco predeterminado</label>
			<label index="tt_content.tx_cssstyledcontent_section_frame.I.9">Sin marco</label>
			<label index="tt_content.tx_cssstyledcontent_tableparsing">Análisis sintáctico de la tabla</label>
			<label index="tt_content.tx_cssstyledcontent_tableparsing_delimiter">Delimitador de campo</label>
			<label index="tt_content.tx_cssstyledcontent_tableparsing_delimiter_colon">,</label>
			<label index="tt_content.tx_cssstyledcontent_tableparsing_delimiter_comma">, (Coma)</label>
			<label index="tt_content.tx_cssstyledcontent_tableparsing_delimiter_pipe">|</label>
			<label index="tt_content.tx_cssstyledcontent_tableparsing_delimiter_semicolon">;</label>
			<label index="tt_content.tx_cssstyledcontent_tableparsing_delimiter_tab">⇥ (Tabulador)</label>
			<label index="tt_content.tx_cssstyledcontent_tableparsing_quote">Delimitador de texto</label>
			<label index="tt_content.tx_cssstyledcontent_tableparsing_quote_double">"</label>
			<label index="tt_content.tx_cssstyledcontent_tableparsing_quote_none">ninguno</label>
			<label index="tt_content.tx_cssstyledcontent_tableparsing_quote_single">'</label>
		</languageKey>
  </data>
</T3locallangExt>
