<?xml version="1.0" encoding="UTF-8"?>
<T3locallangExt>
  <data type="array">
    <languageKey index="fr" type="array">
      <label index="checkboxes.description">Cliquer sur les cases à cocher suivantes pour considérer ou ignorer les liens brisés correspondants.</label>
      <label index="tablehead_path.description">Chemin de l'élément de contenu qui contient le lien brisé.</label>
      <label index="tablehead_element.description"/>
      <label index="tablehead_headlink.description">Le texte du lien.</label>
      <label index="tablehead_linktarget.description">URL vers laquelle le lien brisé dirige.</label>
      <label index="tablehead_linkmessage.description">Statut de ce lien.</label>
      <label index="tablehead_lastcheck.description">Date et heure de la dernière mise à jour de l'information sur chaque ligne du tableau.</label>
      <label index="task_page.alttitle"/>
      <label index="task_page.description"/>
      <label index="task_depth.alttitle"/>
      <label index="task_depth.description"/>
      <label index="task_configuration.alttitle"/>
      <label index="task_configuration.description"/>
      <label index="task_email.alttitle"/>
      <label index="task_email.description"/>
      <label index="task_emailonbrokenlinkonly.alttitle"/>
      <label index="task_emailonbrokenlinkonly.description"/>
      <label index="task_emailfile.alttitle"/>
      <label index="task_emailfile.description"/>
    </languageKey>
  </data>
</T3locallangExt>
